score,company,domain,industry,size,geo,trigger,trigger_url,contact_name,title,email,email_status,linkedin,why_prospect,confidence,source_urls,verified_date,sequence,notes
warm,Lemma,UNVERIFIED,AI agent observability (devtools),"~2-10 (pre-seed, founded 2025)","San Francisco, US","$2.3M pre-seed (announced Aug 13-17 2026); funding explicitly to ""aggressively acquire Seed-to-Series B enterprise software customers""",https://www.finsmes.com/2026/08/lemma-raises-2-3m-in-pre-seed-funding.html,Jerry Zhang,Co-founder,,unverified,search: Jerry Zhang Lemma,Named-account market (agent-running software teams); funding note literally earmarks customer acquisition; no sales team exists,high,"https://www.finsmes.com/2026/08/lemma-raises-2-3m-in-pre-seed-funding.html; https://techfundingnews.com/lemma-raises-2-3m-silent-ai-agent-failures/",,A,HOT once email verified. Second contact: Cole Gawin (co-founder)
warm,FriskAI,UNVERIFIED,AI agent runtime intelligence,~2-10 (pre-seed),"Los Angeles, US","$3.6M pre-seed (Aug 11 2026); funds explicitly for ""engineering and go-to-market hiring, customer deployments""; early-access program open",https://siliconangle.com/2026/08/11/friskai-launches-3-6m-show-enterprises-ai-agents/,UNVERIFIED,Founder/CEO (name not in source),,unverified,search: FriskAI founder,GTM hiring named in the funding note; early-access signups = pipeline-hungry now; crowded category rewards speed,high,https://siliconangle.com/2026/08/11/friskai-launches-3-6m-show-enterprises-ai-agents/,,A,HOT once contact + email verified. Find founder name on LinkedIn before touch 1
warm,Axle,axle.insure,Insurance infrastructure / AI clearinghouse,~11-50 (Series A),"New York, US","$17.5M Series A (Aug 11 2026) led by Base10; PR says capital will ""hire across engineering and go-to-market""",https://www.prnewswire.com/news-releases/axle-raises-17-5m-series-a-to-connect-insurance-carriers-to-the-real-economy-302847934.html,Cameron Duncan,Co-founder,,unverified,search: Cameron Duncan Axle,Expanding from 5 to 50+ insurance segments = needs carrier/partner pipeline exactly when GTM team doesn't exist yet,high,https://www.prnewswire.com/news-releases/axle-raises-17-5m-series-a-to-connect-insurance-carriers-to-the-real-economy-302847934.html,,A,HOT once verified. Alt contacts: Armaan Sikand; Nihar Parikh (co-founders)
warm,Genera,UNVERIFIED,Enterprise AI deployment platform,~5-20 (seed),US,"$10M seed (Aug 11 2026) led by First Round; sells to enterprise software firms facing deployment ""capacity crunch""",https://dealroom.co/news/144512-genera-raises-10m-seed-to-speed-up-enterprise-ai-deployments/,UNVERIFIED,Founder/CEO (name not in source),,unverified,search: Genera AI deployment founder,Their buyers (software firms rationing deployment talent) are a findable named-account list — ideal outbound motion; outsized seed = growth pressure,medium,https://dealroom.co/news/144512-genera-raises-10m-seed-to-speed-up-enterprise-ai-deployments/,,A,HOT once contact + email verified
warm,Visaible.ai,visaible.ai,AI search visibility for hotels (vertical SaaS),<10 (stated in source),"Sydney, AU (expanding US/UK/EU)","~$1M seed from Blacksheep Capital (reported Aug 18 2026); source states ""founder-led sales: no CRO, no VP Sales""; seed funds US/UK/EU expansion",https://ontargetish.com/news/visaible-ai-raises-1m-seed-founder-led-sales-for-ai-hotel-visibility-tool,Sam Rich,Founder,,unverified,search: Sam Rich Visaible,Source explicitly documents the exact pain we solve (founder carrying the bag) + entering new geos with zero list or brand there,high,https://ontargetish.com/news/visaible-ai-raises-1m-seed-founder-led-sales-for-ai-hotel-visibility-tool,,A,HOT once verified. Hotel groups = named-account market
warm,Boom,boompay.app,SFR leasing OS / rental fintech,"~11-50 (Series A, founded 2020)","Austin, US","$15M Series A (Aug 18 2026) led by S3 Ventures; CEO quote cites ""go-to-market efforts""; launched BoomCRM product",https://commercialobserver.com/2026/08/sfr-leasing-boom-funding-s3-ventures/,Rob Whiting,CEO & Co-founder,,unverified,search: Rob Whiting Boom,New product launch (BoomCRM) + GTM language + property-management named-account market; grew 3x this year so pipeline must keep pace,high,https://commercialobserver.com/2026/08/sfr-leasing-boom-funding-s3-ventures/,,A,HOT once verified
warm,Assured,UNVERIFIED,Healthcare provider ops AI (credentialing),~11-50 (Series A),"New York, US","$19M Series A (Aug 7 2026) led by Insight; funds to ""accelerate growth across product, engineering, and go-to-market teams""",https://www.finsmes.com/2026/08/assured-raises-19m-in-series-a-funding.html,Varun Krishnamurthy,CEO,,unverified,search: Varun Krishnamurthy Assured,GTM expansion named in funding note; health systems / medical groups are a clean named-account market,high,https://www.finsmes.com/2026/08/assured-raises-19m-in-series-a-funding.html,,A,HOT once verified. Alt: Rahul Shivkumar (President)
warm,Takt,takt.io,Warehouse labor management & intelligence,"~11-50 (founded 2021, first institutional round)","Reston VA, US","$9.25M Series A (Aug 17 2026) led by Ballast Point; expanding UK/EU/APAC; pursuing new enterprise accounts",https://www.prnewswire.com/news-releases/takt-raises-9-25m-series-a-to-scale-its-warehouse-labor-management-and-intelligence-platform-302852075.html,UNVERIFIED,CEO (name not in sources reviewed),,unverified,search: Takt warehouse CEO,First institutional money after 5 bootstrapped-ish years = GTM muscle likely thin; international expansion needs new-market pipeline,medium,"https://www.prnewswire.com/news-releases/takt-raises-9-25m-series-a-to-scale-its-warehouse-labor-management-and-intelligence-platform-302852075.html; https://www.automatedwarehouseonline.com/takt-raises-series-a-for-warehouse-data-management-platform/",,A,HOT once contact + email verified
warm,Xpander,UNVERIFIED,Enterprise AI agent deployment,~5-20 (seed),Israel / US,"$7.5M seed (Aug 17 2026) led by Pico; funding ""will support market expansion""; launched Omni product same day",https://runtimewire.com/article/xpander-raises-7-5m-seed-enterprise-ai-agents,David Twizer,Co-founder,,unverified,search: David Twizer Xpander,Market-expansion funding + new product launch; enterprise buyers = named accounts; no disclosed GTM team,medium,https://runtimewire.com/article/xpander-raises-7-5m-seed-enterprise-ai-agents,,A,HOT once verified. Alt: Ran Sheinberg; Moriel Pahima
warm,Astute,UNVERIFIED,B2B creator-marketing platform,~2-10 (pre-seed),US/EU,"$1.2M oversubscribed pre-seed (Aug 17 2026); launching platform now; well-funded competitor (Passionfroot $15M A) closed 3 weeks earlier",https://techstartups.com/2026/08/17/astute-raises-1-2m-to-connect-b2b-companies-with-newsletter-podcast-and-social-creators/,Vida Stanić,Co-founder (ex-Fluidstack growth lead),,unverified,search: Vida Stanic Astute,Just launched with a bigger competitor ahead — speed-to-pipeline is existential; founder is a growth person who will value the motion,high,"https://techstartups.com/2026/08/17/astute-raises-1-2m-to-connect-b2b-companies-with-newsletter-podcast-and-social-creators/; https://techfundingnews.com/ex-fluidstack-growth-lead-raises-1-2m-b2b-creator-platform/",,A,HOT once verified. Alt: Abhishek Manikandan (co-founder)
warm,Sophiie AI,UNVERIFIED,AI receptionist (SMB vertical SaaS),~11-50 (est.),"Gold Coast, AU (entering US)","$5M seed at $30M valuation (reported Aug 18 2026); ""hiring for US market entry and product expansion""",https://ontargetish.com/news/visaible-ai-raises-1m-seed-founder-led-sales-for-ai-hotel-visibility-tool,UNVERIFIED,Founder/CEO (name not in source),,unverified,search: Sophiie AI founder,US market entry with no US presence = exactly when outbound-as-a-service beats hiring; trigger is 1 day old,medium,https://ontargetish.com/news/visaible-ai-raises-1m-seed-founder-led-sales-for-ai-hotel-visibility-tool,,A,Trigger URL is a secondary mention on the Visaible article page — confirm primary source before touch 1
warm,Maximum,maximum.com,AI-native core banking OS,~11-50 (est.),"Miami, US","$30M seed (Aug 3 2026) led by CRV; funds to ""support bank implementations with its growing base of customers""",https://www.americanbanker.com/news/new-fintech-maximum-aims-to-take-on-the-core-banking-cabal,Randy Fernando,Founder (3x fintech founder),,unverified,search: Randy Fernando Maximum,US banks = the ultimate named-account market; long sales cycles mean pipeline must start now; well-funded enough to buy help,medium,"https://finance.yahoo.com/technology/ai/articles/maximum-raises-30-million-build-180000076.html; https://www.americanbanker.com/news/new-fintech-maximum-aims-to-take-on-the-core-banking-cabal",,A,Large seed — may prefer in-house hires; probe rather than assume
warm,Vertical Insure,verticalinsure.com,Embedded insurance for vertical SaaS,~11-50 (est.),"Minneapolis area, US (HQ UNVERIFIED)","New growth investment from Updata Partners (Aug 2026); ""looking forward to serving platforms at a larger scale""",https://www.einpresswire.com/article/931407621/vertical-insure-secures-investment-from-updata-partners-to-expand-embedded-insurance-infrastructure-for-saas-platforms,Brock Noland,CEO & Co-founder,,unverified,search: Brock Noland Vertical Insure,Sells to vertical SaaS platforms — a perfectly enumerable named-account market; fresh growth capital,medium,https://www.einpresswire.com/article/931407621/vertical-insure-secures-investment-from-updata-partners-to-expand-embedded-insurance-infrastructure-for-saas-platforms,,A,Round size undisclosed; softer trigger than the P1 group
warm,Understory,understory.io,Booking/payments platform for experience businesses,44 employees (stated),"Aarhus/Copenhagen, DK (expanding Europe)",€12M Series A (Aug 2026) led by Smedvig Ventures; expanding into new countries,https://understory.io/blog-posts/understory-raises-12-million-in-series-a-funding,UNVERIFIED,CEO (name not in source),,unverified,search: Understory Aarhus CEO,New-country expansion = new-market pipeline need; 44 people but sales team size unknown,medium,https://understory.io/blog-posts/understory-raises-12-million-in-series-a-funding,,A,EU geo — check CASL/GDPR posture before sequencing
warm,Passionfroot,UNVERIFIED,B2B creator partnerships platform,~11-50 (est.),"Berlin, DE","$15M Series A (Jul 22 2026) led by Insight Partners; scaling enterprise customer base",https://techfundingnews.com/ex-fluidstack-growth-lead-raises-1-2m-b2b-creator-platform/,UNVERIFIED,Founder/CEO (name not confirmed in sources reviewed),,unverified,search: Passionfroot founder CEO,Series A + enterprise motion + new competitor (Astute) nipping — pipeline pressure from both directions; trigger ~4 weeks old,medium,https://techfundingnews.com/ex-fluidstack-growth-lead-raises-1-2m-b2b-creator-platform/,,A,Trigger URL is secondary coverage — find the primary announcement before touch 1
warm,Echovane,UNVERIFIED,AI-native market research automation,~2-10 (pre-seed),US (HQ UNVERIFIED),$1M pre-seed (Aug 10 2026) co-led by Titan Capital and Neon Fund; scaling global participant infrastructure,https://siliconangle.com/2026/08/10/ai-native-market-research-automation-startup-echovane-raises-1m/,UNVERIFIED,"CTO surname Nair (per source); CEO name not in source",,unverified,search: Echovane founders,Research buyers (insights teams) are findable; tiny team = founder-led sales by necessity,medium,https://siliconangle.com/2026/08/10/ai-native-market-research-automation-startup-echovane-raises-1m/,,A,Small round — price sensitivity likely; lead with sample not retainer
warm,Shiplog,UNVERIFIED,AI customer lifecycle/expansion for B2B SaaS,~2-10 (pre-seed),"Paris, FR","~$1M pre-seed (Aug 4 2026) backed by Kima Ventures, Project Europe",https://tech.eu/2026/08/04/shiplog-raises-1m-to-build-ai-customer-intelligence-for-b2b-saas/,Khushi Mehta,Co-founder & CEO,,unverified,search: Khushi Mehta Shiplog,Sells to B2B SaaS (adjacent to us, not competing — they do lifecycle, we do top-of-funnel); named founder; fresh round,medium,https://tech.eu/2026/08/04/shiplog-raises-1m-to-build-ai-customer-intelligence-for-b2b-saas/,,A,Company name appears as ""Shiplong"" in one aggregator — confirm spelling/domain
warm,Noggin HQ,UNVERIFIED,Cashflow-based credit scoring (fintech infra),~2-15 (est.),"Newcastle, UK","£2.3M oversubscribed seed (Aug 18 2026) led by Blackfinch; just got FCA credit-reference authorisation; launching to UK lenders now",https://www.business-money.com/announcements/noggin-hq-raises-2-3m-in-oversubscribed-seed-round-as-it-becomes-uks-newest-credit-reference-agency/,UNVERIFIED,Founder/CEO (name not in source),,unverified,search: Noggin HQ founder,UK lenders = small named-account market; regulatory unlock (FCA license) is a why-now on top of funding,medium,https://www.business-money.com/announcements/noggin-hq-raises-2-3m-in-oversubscribed-seed-round-as-it-becomes-uks-newest-credit-reference-agency/,,A,UK — CAN-SPAM/PECR compliance note in sequence footer
warm,Niteshift,UNVERIFIED,AI coding (devtools),~5-20 (seed),US,"$7M seed led by Greylock (2026); ex-Datadog founders; positioning against big-AI lock-in",https://lanciamodel.com/article/niteshift-how-datadog-veterans-are-revolutionizing-ai-coding-without-big-ai-lock-in,UNVERIFIED,Co-founders (ex-Datadog; names not in source),,unverified,search: Niteshift Datadog founders,Security-conscious enterprise dev orgs = named accounts; strong founder pedigree suggests fast scaling ahead,low,https://lanciamodel.com/article/niteshift-how-datadog-veterans-are-revolutionizing-ai-coding-without-big-ai-lock-in,,A,Source is low-authority — re-verify round details from a primary source before touch 1
warm,Palona AI,UNVERIFIED,AI ops layer for brick-and-mortar businesses,~11-50 (est.),"Bay Area, US","$20M Series A (Aug 17 2026) led by Ardenwood Ventures; came out of stealth Jan 2025",https://siliconangle.com/2026/08/17/palona-raises-20m-in-funding-to-bring-ai-automation-to-brick-and-mortar-businesses/,UNVERIFIED,CEO (name not in source),,unverified,search: Palona AI CEO,Physical-business chains are enumerable accounts; fresh A round; GTM plans not disclosed — probe,medium,https://siliconangle.com/2026/08/17/palona-raises-20m-in-funding-to-bring-ai-automation-to-brick-and-mortar-businesses/,,A,
warm,Trajectory,UNVERIFIED,AI infrastructure / agent optimization,~5-25 (founded 2026),"San Francisco, US","$40M Series A at $300M valuation (Aug 17 2026) led by Sequoia; serves Clay, Decagon, Harvey",https://www.finsmes.com/2026/08/trajectory-raises-40m-in-series-a-funding-at-300m-post-money-valuation.html,Ronak Malde,Co-founder,,unverified,search: Ronak Malde Trajectory,ICP-fit on paper but Sequoia/NVIDIA backing means heavy inbound + in-house hiring — deprioritize vs P1 group,medium,https://www.finsmes.com/2026/08/trajectory-raises-40m-in-series-a-funding-at-300m-post-money-valuation.html,,A,Lowest-priority warm; test one thread only
cold,Malted AI,UNVERIFIED,AI (details thin),unknown,"Edinburgh, UK",$3.9M seed (Aug 5 2026) — no detail on use of funds or team,https://fundediq.co/funded-startups-europe/,UNVERIFIED,,,unverified,search: Malted AI Edinburgh,ICP-plausible but trigger detail too thin to write a causal first line,low,https://fundediq.co/funded-startups-europe/,,,Needs research pass before any touch
cold,Safehire.ai,UNVERIFIED,HR compliance AI,unknown (likely <5),"London, UK",$670K seed (Aug 5 2026),https://fundediq.co/funded-startups-europe/,UNVERIFIED,,,unverified,search: Safehire.ai,Round likely too small to buy outbound help; keep for 90-day nurture,low,https://fundediq.co/funded-startups-europe/,,,Borderline sub-10-people disqualifier
skip,Wayy.ai,wayy.ai,AI sales co-founder (outbound automation),~5-15,US,"$2M pre-seed (Aug 11 2026), launched publicly",https://theaiinsider.tech/2026/08/11/wayy-ai-announces-2m-pre-seed-round-and-launches-ai-co-founder-that-sells-for-you/,Leo Popov,Founder,,unverified,,DISQUALIFIED: competitor — sells automated outbound/sales to founders,high,https://theaiinsider.tech/2026/08/11/wayy-ai-announces-2m-pre-seed-round-and-launches-ai-co-founder-that-sells-for-you/,,,Do not contact
skip,Corma,UNVERIFIED,Defensive cybersecurity foundation model,~20-60,"Tel Aviv / San Francisco","$60M seed (Aug 10 2026) led by Sequoia; already deployed to Fortune 100/500",https://valueaddvc.com/pulse/corma-60m-seed-defensive-cyber-ai-2026,UNVERIFIED,,,unverified,,DISQUALIFIED: mega-round + F500 logos = in-house enterprise GTM and vendor-inbound flood,high,https://valueaddvc.com/pulse/corma-60m-seed-defensive-cyber-ai-2026,,,Do not contact
